raceId,driverId,pit_duration,finish_position
1062,852,21.819,6
933,828,16.211,13
938,815,24.281,6
1012,842,22.301,6
852,816,22.114,17
1026,826,23.293,10
1047,849,21.357,17
1012,825,23.383,13
1039,815,17.531,5
931,1,24.181,3
1082,844,26.199,5
875,13,20.607,4
871,13,20.306,5
1110,830,22.887,1
1035,840,27.974,6
887,815,24.596,20
842,22,24.502,22
890,1,21.454,1
926,815,26.009,10
912,16,26.864,15
956,822,17.8,9
1087,848,23.334,10
872,39,31.745,19
966,4,22.461,13
963,18,24.645,9
1018,846,21.547,6
1092,847,28.728,8
1060,817,21.151,7
852,20,20.786,1
1053,846,30.654,3
890,154,16.453,6
869,37,19.85,21
1100,847,19.146,18
894,20,22.662,1
859,1,20.396,22
1080,849,26.91,15
1117,842,22.627,11
893,821,29.364,12
849,1,23.34,4
877,817,20.122,10
932,832,24.277,12
1123,840,17.901,6
970,822,17.323,6
985,828,25.841,15
1116,817,23.963,15
866,808,21.403,19
1058,822,21.752,3
1029,825,23.479,11
1071,853,17.995,17
917,817,22.871,18
869,818,18.425,14
1099,807,21.567,12
995,825,24.008,13
845,1,19.761,2
1017,807,30.884,8
1000,845,21.509,16
1075,822,22.561,15
841,16,23.871,9
872,807,22.746,21
1144,832,21.28,2
1024,848,28.606,6
855,17,21.369,4
983,817,24.199,3
1114,839,23.789,9
1011,841,24.88,11
982,815,25.288,5
1139,857,24.107,5
857,3,21.149,6
857,808,22.519,11
869,817,17.99,13
1112,842,24.686,15
956,835,16.851,12
1060,4,22.663,10
1029,8,23.463,4
981,825,24.384,11
1136,817,30.317,13
1010,8,23.299,8
1073,4,21.304,8
1086,855,22.321,13
1001,843,18.084,14
982,822,25.367,3
1069,830,23.727,1
1096,854,22.276,16
1002,20,24.301,4
864,814,19.867,14
881,824,22.017,13
855,16,21.337,11
1037,815,23.175,10
987,20,17.817,1
928,822,23.084,6
954,825,23.162,16
848,816,21.943,22
969,13,21.568,6
1092,830,24.308,1
1101,840,23.161,7
1102,857,22.205,19
1060,822,21.071,2
1104,842,23.902,7
1099,855,21.282,13
958,835,21.665,12
841,153,24.463,11
968,830,21.221,4
844,153,21.826,16
997,815,22.863,7
1046,822,24.552,8
918,829,23.545,17
1077,855,32.203,15
851,817,21.651,18
934,3,28.393,2
965,18,23.613,9
1081,846,21.443,9
993,815,22.242,9
907,807,21.92,9
1078,817,19.28,13
944,8,23.293,4
1006,1,23.693,3
1114,844,22.926,4
894,814,23.814,22
956,825,17.721,14
1009,817,21.061,4
934,817,28.464,15
842,3,22.526,12
1007,840,23.371,12
1037,20,22.982,13
1123,855,19.032,15
880,4,21.606,2
1000,1,21.48,1
1043,154,30.422,14
1105,822,23.691,19
986,154,23.035,15
1023,9,23.86,17
874,17,20.691,9
914,820,25.278,18
915,1,30.503,1
993,843,22.472,12
1073,846,21.38,7
1125,839,23.156,11
878,815,22.079,11
856,10,22.481,18
927,154,24.377,11
1072,822,21.668,3
1012,846,22.524,18
998,828,28.207,18
961,1,23.633,2
892,8,24.764,11
1142,842,22.179,20
1093,842,23.67,14
1137,817,21.984,13
898,823,25.268,19
943,813,23.937,11
936,833,18.085,15
876,18,21.509,5
1031,815,16.546,6
952,835,22.397,13
983,830,23.652,1
1022,846,23.182,11
966,822,22.396,8
1023,825,24.4,18
940,815,24.267,12
844,155,21.82,10
893,820,29.687,17
1010,847,21.543,16
855,3,20.575,10
1070,847,21.984,16
1125,847,22.415,6
1139,859,23.839,9
1133,825,21.871,15
1007,807,23.037,6
879,8,21.541,10
1003,830,29.681,2
1007,822,22.105,5
1089,854,24.817,12
1010,840,22.471,9
943,1,22.304,2
989,8,21.421,3
1110,852,22.61,10
863,811,22.31,22
1060,840,21.391,13
1062,847,22.186,8
987,840,17.925,16
865,20,25.079,4
893,822,30.79,13
911,4,22.974,7
908,817,28.483,3
1069,1,23.676,2
879,18,21.456,1
975,4,23.526,16
865,3,24.874,2
1034,849,31.371,15
859,4,20.664,4
910,824,22.892,15
926,3,22.105,2
861,17,23.195,4
1025,846,29.29,8
1014,822,22.018,2
1043,846,29.683,8
1084,844,21.319,1
1016,815,24.076,12
852,18,21.64,3
928,20,22.444,3
842,16,22.046,11
1025,840,30.168,11
932,831,24.795,16
895,818,24.087,12
1086,830,21.228,1
1025,9,30.177,16
1034,844,29.52,3
967,4,24.821,10
1142,861,21.17,14
953,826,19.918,20
867,18,19.64,8
860,819,17.088,15
909,822,20.115,2
1069,20,23.849,10
892,813,25.397,14
1032,8,21.459,11
915,154,30.037,17
864,154,20.223,4
1115,822,28.946,8
988,20,21.221,3
1096,822,22.573,15
871,8,20.289,3
1132,825,29.884,12
966,815,22.213,10
1100,832,18.319,12
880,8,22.181,1
854,67,31.394,12
997,830,21.214,1
1011,20,24.212,5
1072,849,24.22,12
979,822,22.681,3
992,822,20.192,14
998,838,28.284,11
1121,4,24.786,9
1123,825,18.151,10
1061,20,28.145,19
1114,840,23.441,18
1119,832,21.261,6
1130,807,22.518,11
846,2,25.851,8
960,815,22.652,5
1115,848,28.747,13
861,10,25.096,17
959,20,19.0,5
847,13,22.56,6
997,825,22.138,5
982,839,24.664,10
1029,832,22.77,3
1121,840,24.418,10
911,817,22.675,1
927,13,24.788,6
879,814,21.364,19
975,839,23.409,6
1041,822,22.625,19
1138,839,29.601,13
1008,815,23.505,10
971,154,24.965,8
932,813,23.66,7
856,17,20.8,3
967,18,24.192,16
1032,817,21.603,8
848,20,20.331,1
844,3,20.308,5
866,815,21.407,3
901,3,24.654,2
1114,825,23.816,15
906,822,23.448,7
943,826,22.518,4
892,824,25.541,19
883,814,22.009,4
1008,832,23.77,12
1040,846,31.368,15
1006,825,23.723,20
940,834,25.088,18
931,20,24.851,2
1014,841,22.381,16
955,20,20.422,2
897,821,22.07,13
875,818,20.865,8
988,828,22.176,17
962,822,28.545,20
848,10,21.9,21
1086,840,21.615,11
940,18,23.343,16
1112,844,23.931,4
1065,849,24.168,11
1136,839,24.146,14
1001,842,20.136,9
1118,817,23.508,13
1125,830,22.27,1
1082,840,25.252,10
986,4,22.655,10
1038,846,24.612,4
1069,815,23.604,3
937,13,23.282,6
905,825,28.943,10
1038,849,26.335,11
1116,1,24.648,19
869,13,19.137,12
860,20,24.131,2
1066,4,30.157,6
868,818,26.2,14
879,30,21.827,7
853,4,21.989,3
1041,20,22.616,11
969,4,22.484,14
892,20,24.305,1
863,37,23.42,20
851,808,21.353,12
1006,832,29.319,7
865,10,25.567,14
885,818,24.827,8
1005,817,22.864,4
877,814,19.829,9
1131,844,20.903,11
1135,825,21.403,18
1067,853,23.829,20
1047,839,21.615,9
1105,846,22.062,17
1052,817,24.655,7
1067,832,28.353,8
1013,817,20.884,20
855,5,21.412,18
1083,4,28.733,5
988,842,21.519,16
1038,839,25.29,8
874,39,23.227,21
993,830,21.74,3
1028,846,24.678,7
963,8,24.412,4
1102,839,21.942,9
1125,825,22.974,16
930,13,22.139,6
895,3,17.806,8
1108,844,28.244,9
1087,20,22.833,8
857,817,25.074,18
1138,847,28.739,4
1136,855,27.138,18
982,13,25.731,11
986,828,22.736,17
867,814,20.295,7
1052,839,24.471,13
1056,853,25.202,17
884,8,19.743,2
981,817,23.951,4
862,17,20.377,4
948,8,22.508,18
861,37,15.684,22
902,826,25.34,11
1089,844,23.531,2
1100,815,17.657,5
973,822,21.689,17
1013,20,19.981,3
885,16,25.274,5
846,1,19.347,6
1092,854,24.608,17
915,807,30.096,12
956,821,16.475,11
1065,841,30.551,13
1131,4,21.483,18
1060,844,21.143,8
1030,9,21.688,19
1106,840,23.711,9
960,13,22.484,10
883,807,21.656,12
1118,857,23.338,14
930,822,21.8,4
1074,840,25.039,12
1027,840,22.745,12
1112,832,25.183,3
953,815,25.608,3
898,814,24.444,16
1105,844,21.778,11
1026,815,22.88,8
1130,844,21.624,5
1009,832,21.964,6
1079,817,22.124,12
976,807,15.638,17
1004,828,30.051,13
1094,852,22.468,20
849,24,25.505,18
999,832,19.637,12
1144,857,23.582,10
1120,858,21.88,16
861,811,23.824,6
934,807,28.558,7
1128,840,24.132,14
1083,854,29.147,8
1056,815,24.548,4
1030,815,22.23,7
1045,822,24.675,8
910,822,22.518,8
1138,832,29.385,7
906,815,23.907,11
1095,822,23.908,9
863,155,22.758,13
957,821,29.884,16
961,821,25.15,13
970,841,29.443,19
1095,842,23.009,14
1065,815,23.906,5
863,814,22.069,6
1024,822,29.234,5
885,3,25.2,1
1128,858,24.384,15
1027,825,23.084,15
992,8,21.149,2
885,820,19.553,14
1129,832,24.125,16
941,817,29.732,15
938,831,25.282,13
929,8,24.547,2
1052,852,24.328,9
941,13,30.741,4
974,826,24.406,14
1084,822,22.278,11
958,825,21.99,15
901,155,26.505,13
1084,815,23.681,20
1017,840,30.849,13
945,832,22.063,11
854,15,31.048,22
1069,842,23.745,20
1110,815,22.71,2
948,831,22.701,15
955,831,20.67,12
1131,855,21.594,17
1051,847,26.121,17
1076,847,18.479,3
1065,817,23.812,1
1041,807,22.686,8
1053,839,30.652,9
940,8,22.584,4
971,826,25.204,12
1144,825,21.678,16
957,1,28.728,1
1031,832,20.064,5
936,817,18.27,3
909,815,19.843,10
1056,840,23.474,8
977,8,21.662,5
892,4,24.208,2
991,1,22.464,4
1070,853,23.637,18
1033,817,21.92,8
867,817,21.209,11
1021,826,23.002,15
853,13,21.821,6
934,815,28.86,9
854,815,30.81,10
1078,832,22.063,3
942,828,29.728,15
945,829,22.854,18
1134,852,23.452,16
1047,846,21.84,5
1104,855,25.26,13
860,3,23.017,12
913,818,29.806,6
1019,154,33.562,19
1120,825,22.163,20
1102,855,22.796,16
971,839,24.505,10
972,815,29.868,6
876,818,21.658,15
1061,841,28.137,13
850,20,20.11,4
899,818,23.451,15
944,154,23.787,8
977,826,16.139,16
905,828,25.585,11
911,820,23.734,16
852,808,21.395,9
879,818,21.302,8
1114,847,24.034,7
1027,817,22.345,8
1075,847,21.415,5
1041,826,22.527,15
1110,846,23.744,7
902,815,24.697,3
1098,856,25.018,14
970,20,17.354,2
1077,849,31.125,16
1109,832,21.402,8
977,840,21.332,10
1070,842,22.549,4
1017,154,30.837,20
1053,822,30.167,18
1000,815,22.561,14
1035,20,28.167,12
1059,815,29.682,3
1011,846,24.175,6
972,13,29.92,9
1092,825,25.594,14
980,4,24.158,18
876,811,22.047,10
1144,852,21.869,12
943,817,22.422,5
851,814,20.801,7
1005,842,23.376,11
948,837,23.224,19
1014,840,23.321,19
1018,817,22.305,12
1047,20,22.04,14
1126,807,22.487,11
1110,840,25.397,9
1031,822,16.407,1
942,817,24.449,10
900,815,22.497,10
1143,830,22.703,1
958,4,21.897,7
875,814,20.218,12
841,808,24.535,3
950,18,22.51,13
1067,8,23.164,12
913,16,29.748,19
862,39,23.151,22
873,817,29.789,9
1069,841,23.502,11
904,824,22.568,18
981,13,25.078,8
1120,852,21.486,8
892,817,24.319,7
974,825,24.979,10
1121,839,24.877,17
937,817,22.637,18
1127,839,30.659,14
1144,847,21.656,5
1138,830,29.655,2
1006,830,23.446,2
867,3,20.115,6
955,835,20.561,15
1092,849,24.785,9
1040,847,29.433,18
845,10,21.17,19
1129,846,23.423,2
1124,825,26.198,13
899,1,17.385,9
1059,8,31.327,17
942,822,26.384,19
1013,847,20.475,15
1118,807,23.841,12
951,1,30.001,2
847,808,23.816,5
998,4,28.085,8
1101,825,30.951,13
1055,815,21.345,5
1028,817,23.751,6
1011,830,24.199,4
928,4,23.238,12
1084,817,21.356,9
941,830,30.241,10
864,39,21.518,22
1112,855,24.396,14
1055,846,21.864,8
1041,846,21.991,16
908,155,29.507,15
927,831,25.204,12
891,16,23.327,9
1008,828,23.377,20
1132,857,29.2,4
964,828,24.011,15
1073,817,21.449,12
1074,844,24.527,1
891,823,23.998,16
897,13,21.485,8
1057,842,15.085,3
1011,154,32.082,20
917,4,23.077,6
845,155,20.5,10
1019,1,28.905,1
963,832,24.4,11
926,18,23.353,11
895,8,23.29,5
902,8,24.453,10
986,815,22.528,7
991,843,23.172,20
896,3,23.685,2
968,8,21.959,6
975,825,28.869,12
846,4,25.352,2
1111,822,19.735,14
1044,817,23.208,10
1096,844,22.21,2
871,10,20.66,15
896,154,23.648,3
971,4,24.723,14
1098,839,24.966,18
1078,822,19.614,7
1087,840,23.349,11
1033,832,22.438,9
1086,815,21.118,5
1056,847,23.928,14
1074,849,24.457,16
990,830,30.381,19
932,20,23.945,5
1009,825,21.587,10
912,817,24.388,5
1119,1,22.508,7
983,13,23.791,9
962,18,28.998,19
855,815,21.655,8
928,8,22.453,4
1121,830,24.209,1
877,4,19.368,2
872,1,20.736,1
1138,807,29.808,9
1129,807,24.233,11
959,831,19.755,21
891,18,22.465,6
898,3,23.806,9
996,843,24.297,14
992,838,20.76,9
1019,832,27.98,6
1081,1,20.831,4
1101,855,22.247,19
1128,830,23.813,6
1016,9,23.119,18
1042,849,26.739,18
1017,847,31.95,19
1047,1,22.406,3
918,16,22.227,16
886,818,20.739,6
862,13,20.051,13
1107,1,16.415,8
1009,830,21.057,3
1059,849,29.775,18
917,818,23.782,13
848,4,20.136,2
869,18,16.831,2
1126,830,22.187,2
862,10,21.327,19
841,22,16.892,16
845,18,20.015,3
1111,842,19.518,3
986,839,22.665,5
878,20,20.904,2
1027,9,22.57,18
983,836,25.06,17
883,824,22.817,19
1007,815,23.755,18
1025,844,29.401,3
874,819,21.343,20
1124,844,23.285,4
1021,832,21.832,5
1056,4,23.803,13
927,807,25.047,14
1135,840,21.385,13
990,807,24.382,6
1024,841,28.96,10
861,815,24.52,2
1071,842,18.608,7
968,20,21.711,3
880,3,22.274,20
1081,847,20.527,3
1089,855,25.366,10
844,1,20.833,4
905,824,32.658,9
1059,20,31.069,9
1110,817,22.843,16
1013,848,20.72,11
886,3,20.832,5
1076,830,18.281,18
894,819,24.32,14
1108,847,29.455,5
989,830,20.953,6
902,818,25.897,21
1000,840,21.291,17
1126,848,22.567,18
1107,830,16.369,1
854,816,31.592,18
1039,20,17.516,10
979,830,33.605,5
974,817,24.183,3
1066,852,30.112,17
868,8,25.581,5
1024,830,28.846,3
1080,830,26.93,3
914,154,23.656,15
1065,854,24.714,15
887,3,24.893,1
1083,825,29.473,10
913,824,29.752,16
881,807,21.699,8
1142,846,20.668,6
1080,855,25.594,16
933,830,21.984,8
934,13,29.369,4
916,825,24.497,8
940,20,23.074,3
1104,857,25.851,10
1142,847,20.975,1
1089,847,24.114,3
966,807,22.134,7
1051,852,25.659,13
1027,832,22.179,13
1069,849,23.653,15
908,825,28.745,7
989,20,21.787,1
918,20,21.611,8
962,3,26.35,1
1082,822,26.089,7
986,807,22.587,19
1082,847,23.951,4
882,820,21.063,17
1096,840,21.802,8
1061,846,31.706,4
990,4,24.581,7
975,840,22.79,9
1046,841,24.551,13
994,815,29.379,12
861,5,23.782,18
1002,815,25.655,7
1075,840,22.339,13
972,838,30.006,14
1027,8,22.754,19
936,13,16.818,12
891,807,23.334,13
876,819,22.692,19
1031,1,16.365,4
853,5,22.611,13
1091,846,30.528,4
872,155,22.874,9
857,816,22.472,16
1057,1,15.432,15
985,1,23.402,1
1143,4,28.592,7
863,5,23.173,17
1133,815,21.056,7
1101,847,20.459,8
845,15,21.723,18
1133,832,21.439,6
1000,154,21.733,10
1034,832,28.487,13
842,10,24.429,16
877,10,19.884,14
867,155,23.071,22
849,67,24.62,21
928,813,17.912,18
961,3,25.55,1
900,807,22.615,6
904,813,22.024,15
1122,807,21.035,10
907,825,21.67,7
951,18,30.58,10
1116,844,23.963,20
882,20,19.323,4
1117,847,22.311,6
1051,854,25.881,16
1129,825,24.833,12
1000,838,21.732,18
978,840,28.335,16
898,817,24.226,11
1124,4,22.998,6
916,818,24.553,10
1055,832,21.779,7
984,840,22.736,16
964,830,22.788,2
1016,847,23.686,16
844,15,22.219,18
884,822,19.908,16
1118,852,20.969,9
873,155,30.693,13
1139,839,24.156,18
1141,847,25.698,4
1012,844,22.921,5
850,153,21.062,12
1085,830,35.266,1
857,18,21.092,2
973,807,22.362,6
859,808,21.169,10
1144,844,21.869,3
1130,857,22.224,7
901,820,25.639,15
893,818,29.736,14
1021,825,21.618,13
1092,815,25.322,2
1126,817,22.54,15
928,830,23.258,17
1027,822,22.179,3
851,22,20.58,13
873,807,30.363,14
1072,844,20.531,7
1139,847,29.327,6
890,4,21.599,5
1110,847,23.837,6
1112,840,25.667,16
995,1,23.335,5
1081,822,20.979,11
965,20,23.812,4
1084,20,21.583,17
1030,830,21.023,2
984,836,24.424,15
1117,846,22.563,5
849,20,23.137,2
1082,848,23.53,13
966,830,21.775,4
1014,844,21.638,5
1120,846,21.432,5
1108,840,28.561,14
1053,840,31.138,8
1141,832,25.92,16
1020,822,20.498,15
1128,822,24.239,13
876,17,20.808,3
870,8,19.772,2
1029,847,22.441,12
1025,848,29.854,5
1140,832,22.249,1
883,20,21.29,1
1011,842,24.484,8
917,825,23.061,9
866,154,21.83,2
898,818,24.381,12
995,154,24.4,12
887,821,25.087,14
1001,839,19.582,6
873,814,30.029,4
1121,815,24.516,2
1026,847,23.792,16
911,822,22.769,3
904,817,21.83,3
901,4,24.222,4
879,155,24.254,9
1012,1,22.644,1
1003,845,30.477,19
1082,20,23.406,12
1008,830,23.432,2
1036,815,22.641,5
1100,858,18.382,16
851,18,20.046,1
970,839,17.356,10
904,828,23.091,20
869,8,17.735,3
1021,840,21.563,17
970,830,17.421,3
843,1,20.533,1
955,830,20.069,8
850,816,20.762,18
892,16,26.873,16
858,4,20.211,2
995,832,24.416,8
915,821,30.303,15
945,8,22.162,3
864,5,21.275,16
1129,1,23.762,4
880,824,22.669,15
994,845,25.17,16
858,808,19.968,13
894,17,22.587,21
1109,4,22.916,9
1006,8,23.714,1
847,20,22.526,2
936,154,17.064,7
843,5,21.89,16
875,808,21.581,16
1127,848,30.05,20
888,16,19.91,13
968,832,21.761,18
958,837,24.254,21
873,17,29.304,11
1015,844,25.705,20
1098,822,25.399,8
933,832,27.638,16
843,814,21.218,11
962,815,28.742,8
957,154,30.882,20
1053,830,29.809,1
845,22,20.637,17
1106,844,24.343,4
864,4,19.456,2
846,67,25.045,10
881,818,21.638,10
1118,847,20.449,15
930,20,21.762,3
978,830,28.056,4
890,20,21.343,3
1137,815,20.63,17
1108,822,29.662,12
1019,842,27.905,4
943,807,23.277,7
874,20,20.346,1
1096,847,24.243,5
906,18,23.493,4
856,22,21.722,12
913,828,30.144,15
1109,857,21.171,5
1052,815,23.993,5
1127,842,30.081,16
981,840,26.131,7
1126,852,22.153,7
959,817,18.738,2
927,4,25.222,18
881,13,20.97,5
1080,839,24.875,12
914,828,25.655,17
1005,1,22.614,1
950,1,22.301,7
914,826,24.222,11
876,10,27.303,20
857,4,21.755,3
855,4,20.731,2
916,807,33.427,16
849,808,24.172,12
910,13,22.111,5
957,13,29.243,11
998,832,28.078,17
866,814,21.489,11
953,13,24.934,10
958,836,22.765,19
952,830,22.348,1
1030,1,22.178,1
910,155,34.086,18
982,838,24.543,7
872,811,22.985,10
1092,844,25.899,3
1143,840,29.783,18
1055,854,22.31,18
914,824,24.91,20
957,832,29.895,8
884,20,18.606,4
1034,847,29.302,12
861,814,22.175,7
1082,852,23.248,18
1074,4,24.508,9
900,154,17.255,15
948,825,22.079,12
1122,858,23.645,14
965,8,23.845,19
893,3,29.212,4
1081,20,20.249,6
944,822,23.736,5
1078,839,19.019,8
992,817,19.925,17
1119,857,20.535,10
1079,4,21.914,9
1092,840,23.87,12
963,815,23.947,6
1054,839,21.275,7
942,3,24.64,2
1013,1,19.993,2
943,822,22.957,3
1081,849,22.069,15
899,814,23.237,11
1139,4,24.247,13
1140,1,22.538,4
974,815,25.026,13
891,821,17.433,14
915,13,29.912,11
936,813,16.444,14
1138,815,28.99,10
1001,825,20.021,8
877,815,19.486,15
1098,852,24.372,11
909,826,20.251,20
916,822,24.151,5
1100,822,19.825,11
1138,840,29.816,14
1031,20,19.33,10
1105,830,22.241,1
1058,840,20.936,8
845,813,21.574,15
899,16,22.981,13
1070,4,23.985,9
960,826,23.359,14
965,836,25.182,17
1028,826,24.162,12
1045,844,24.855,10
1057,853,15.054,14
1016,844,23.732,3
844,16,21.006,13
995,817,23.279,4
986,13,22.055,11
970,825,17.296,8
979,825,22.684,13
896,17,23.459,20
911,821,22.898,15
1046,851,24.863,16
881,3,21.079,4
1001,838,19.847,15
911,815,22.977,8
899,821,23.138,12
986,825,22.507,8
852,17,20.947,2
978,822,27.858,2
917,8,23.427,7
960,3,22.596,1
884,17,18.931,5
1138,4,29.251,8
942,831,24.975,9
1041,817,22.159,3
914,3,23.696,2
973,815,23.107,4
894,820,23.761,17
995,828,23.529,15
957,837,29.998,19
1031,154,23.28,16
1078,815,18.433,4
983,839,24.456,10
1041,8,22.865,12
914,16,24.314,21
887,17,24.473,2
939,829,30.398,15
1118,839,22.209,10
1073,822,21.669,6
896,20,23.568,1
895,820,23.648,19
973,154,22.641,10
992,815,26.174,3
943,154,22.735,10
859,22,21.537,14
962,839,24.343,18
1034,154,33.816,16
1133,839,21.33,18
1091,830,29.407,7
998,807,28.719,6
1044,830,22.518,6
1016,825,24.381,17
960,830,22.727,11
971,817,25.2,5
1072,1,20.58,1
930,833,23.07,18
852,4,20.994,4
875,17,19.616,2
990,840,24.638,14
886,1,20.656,3
1119,839,21.763,4
990,828,25.194,9
871,155,21.669,13
1020,154,20.622,7
865,4,25.22,3
976,840,15.327,3
861,8,24.927,5
940,3,23.078,2
988,4,22.541,9
1131,822,21.918,16
1009,844,21.828,7
877,37,22.272,17
1137,844,20.671,2
918,807,21.642,6
973,13,22.292,13
980,1,22.037,1
1142,825,21.963,12
869,814,17.899,11
1069,4,23.314,18
994,807,25.213,8
872,37,23.488,18
962,821,26.519,11
903,18,22.408,11
1136,861,25.147,12
910,825,21.812,12
1017,825,30.832,17
911,807,23.823,10
844,24,24.634,22
1141,852,25.431,7
1003,4,29.922,7
1038,822,24.41,5
1015,840,24.591,16
902,3,24.851,2
1070,817,22.813,12
952,831,22.976,15
1117,807,23.144,13
890,820,22.301,17
891,817,22.871,10
974,13,24.353,9
880,823,23.834,18
910,8,22.154,6
845,30,20.084,6
918,4,21.619,9
1131,847,21.229,1
994,830,24.111,9
870,819,20.915,20
868,20,25.319,3
1066,840,30.241,11
988,822,21.478,1
843,16,20.989,15
1125,815,22.027,3
928,154,23.421,7
876,817,22.637,13
1043,830,29.427,17
1096,839,21.734,7
903,825,22.579,13
850,13,20.185,5
1136,815,24.03,8
1144,855,23.024,13
879,39,23.625,18
1031,842,19.911,7
963,13,23.528,13
980,840,23.109,11
1113,844,32.888,4
1011,9,24.313,16
1118,840,18.504,5
898,18,24.589,10
1059,822,30.572,4
872,4,21.515,3
980,8,22.533,4
1076,842,18.926,9
1023,817,24.32,4
846,39,28.325,17
1142,855,21.761,13
950,13,22.124,6
1078,852,18.87,12
1083,832,28.435,1
964,8,22.762,5
1123,847,17.964,17
994,154,24.568,15
986,1,23.315,9
847,17,22.402,3
1020,840,20.152,4
967,828,25.395,21
865,814,25.642,7
843,816,22.802,20
1102,856,23.487,18
1085,855,36.444,16
1079,849,22.311,16
1006,840,18.61,14
846,153,25.907,20
959,154,19.863,13
1023,842,24.363,11
997,828,21.519,10
1100,839,18.056,14
868,30,25.552,7
944,813,24.115,10
1086,852,21.577,19
882,819,21.265,16
1067,854,23.892,19
1033,154,22.591,16
1144,859,22.565,17
1112,825,24.66,18
967,20,29.981,5
875,813,21.137,14
1013,815,20.939,6
1005,830,28.789,3
942,815,24.73,5
870,3,20.352,10
904,154,22.078,8
917,807,23.323,8
1139,830,24.228,3
1080,846,24.607,6
1041,154,23.635,9
1064,844,19.49,5
856,16,21.916,11
854,17,30.413,3
1104,848,24.29,14
974,828,24.949,17
1136,830,24.15,6
906,817,23.274,1
1044,822,22.853,14
1134,825,23.619,14
1134,842,22.844,13
855,15,21.636,19
900,826,23.92,9
972,826,29.991,12
855,18,20.713,1
844,13,21.322,11
876,30,21.322,22
1060,842,20.85,9
977,807,21.977,13
1021,9,21.754,19
848,5,21.126,19
877,30,19.701,11
907,8,21.618,10
1079,844,21.794,20
910,807,24.04,20
916,813,24.468,9
966,826,22.665,18
859,15,21.555,18
1107,856,17.033,17
882,813,20.794,14
1124,832,23.136,3
907,826,21.906,22
859,17,20.755,1
1129,855,25.598,15
1107,840,16.646,9
973,826,22.117,9
985,839,24.502,6
1015,8,26.299,17
1000,817,21.364,4
881,817,22.008,18
1082,1,23.841,3
849,17,23.785,3
907,13,21.896,4
885,821,25.364,13
987,13,17.736,7
843,3,20.72,5
894,821,23.096,11
951,821,25.037,17
1100,852,18.258,10
989,832,23.868,10
1059,852,30.226,13
1089,842,25.376,8
1038,1,24.671,7
1064,9,19.708,15
854,811,30.832,15
953,821,26.044,11
952,20,21.603,3
931,833,27.554,16
937,1,22.403,1
1041,825,23.016,13
908,807,29.579,8
900,820,23.493,13
941,20,29.367,2
1130,852,22.064,19
969,8,22.033,4
958,807,22.014,10
1051,853,26.515,18
944,807,24.009,6
1040,849,29.862,16
938,4,19.374,18
1119,807,22.154,19
853,20,21.378,1
950,817,22.426,4
903,807,22.764,6
845,153,20.741,16
954,836,24.516,17
1024,840,29.46,13
1014,832,21.468,8
1061,854,29.319,18
943,828,22.956,12
1047,847,22.085,15
1133,858,21.398,17
858,155,19.833,10
1082,4,23.779,9
1121,855,25.094,11
1082,849,24.02,16
1002,840,26.44,9
886,823,22.039,22
912,813,24.223,14
841,815,23.438,22
936,4,16.796,5
873,10,30.977,12
851,17,20.0,5
913,13,29.006,5
954,831,23.608,18
1052,849,23.983,18
1062,20,22.703,20
1142,857,21.082,7
982,840,25.584,8
878,30,21.297,16
1130,832,22.194,6
891,8,23.744,21
1073,832,22.213,3
984,815,23.634,7
914,821,24.873,13
996,4,24.788,16
866,3,21.179,6
916,154,23.802,11
944,18,23.242,14
963,3,23.476,3
1135,846,21.536,1
1099,846,21.352,17
928,833,24.088,16
1052,1,24.076,1
990,842,24.835,4
975,826,18.088,17
892,821,24.668,13
956,831,17.739,13
877,155,19.529,6
1121,807,24.387,16
902,825,24.559,18
851,5,20.99,21
959,837,20.919,20
963,817,24.197,1
963,830,23.856,2
975,8,23.5,7
1080,852,25.068,17
929,807,24.679,13
850,16,20.839,6
972,830,29.567,5
1107,844,16.393,2
1043,826,29.809,4
893,1,29.032,5
1064,817,19.449,11
883,822,22.729,14
953,18,25.45,9
1030,840,21.778,20
999,20,18.657,18
868,37,27.715,20
1073,830,21.152,1
1096,20,23.186,10
905,821,25.906,15
847,37,24.039,12
1046,817,24.474,5
897,154,21.627,4
978,815,28.942,9
1130,817,22.108,15
1136,857,23.793,2
863,20,21.8,1
1125,848,23.273,12
979,832,22.745,7
1094,825,23.722,17
869,811,18.313,17
979,8,21.919,2
862,814,20.387,12
1077,846,30.07,3
1034,841,28.355,14
975,838,23.267,14
955,4,20.282,19
1008,842,23.757,13
1120,842,23.091,13
954,3,22.466,5
898,815,23.808,7
943,13,22.849,6
862,815,22.565,11
1096,848,21.793,13
1030,807,21.578,12
1026,822,23.0,1
1046,825,25.466,15
968,815,21.308,8
903,1,22.968,1
1126,815,21.695,4
890,17,21.762,4
1046,815,24.214,1
966,828,32.608,11
850,4,19.975,2
1077,1,32.74,13
1115,859,28.171,17
1095,1,23.415,2
916,3,24.433,2
1098,848,24.458,10
1111,832,19.398,5
1039,846,17.845,6
1003,843,29.464,17
966,3,21.997,2
1109,1,21.728,4
904,155,22.789,21
1136,840,24.209,19
1095,848,23.322,15
938,18,24.31,14
1010,20,21.995,4
1106,839,23.698,8
858,814,20.216,9
998,817,28.001,5
956,8,18.455,3
1059,1,30.263,2
1133,830,21.344,5
1139,852,24.193,14
850,3,20.047,7
1115,858,29.373,18
846,3,25.116,11
1013,846,19.819,8
1014,846,21.579,20
1028,848,23.213,5
1058,1,21.219,2
1107,846,18.076,4
1133,848,22.091,14
992,844,21.058,6
979,828,24.097,16
1012,841,25.137,15
864,1,19.98,8
1004,845,29.912,18
1060,8,21.896,15
856,3,20.091,8
865,155,28.39,21
848,815,21.939,11
1026,154,23.478,13
1012,8,23.888,9
891,154,23.445,8
900,828,23.238,17
944,20,23.474,3
934,826,28.347,6
1115,855,28.815,9
944,3,23.046,1
1055,853,22.502,19
929,20,24.449,5
1114,852,22.944,12
962,830,25.74,6
1113,847,29.976,16
1106,846,23.57,13
1008,817,23.3,4
936,18,16.488,9
1028,842,24.195,16
848,13,20.404,5
1071,840,17.935,20
1022,848,22.506,5
1126,842,22.466,12
975,817,23.309,3
995,844,23.666,10
957,828,35.393,21
1021,154,22.035,20
1022,840,22.774,10
914,13,24.374,7
1134,830,22.943,4
984,839,24.078,6
994,844,23.87,18
842,18,22.4,2
901,8,24.246,12
886,18,20.212,12
949,832,28.401,18
877,13,19.585,7
913,820,29.877,17
855,816,22.258,21
1035,807,28.386,7
945,830,22.309,16
1039,8,17.594,9
1005,839,23.316,9
864,819,20.936,21
1033,848,22.174,5
850,808,20.572,10
896,818,24.128,13
1010,848,21.78,14
1057,822,20.356,12
874,814,21.063,12
855,811,22.466,16
1119,830,21.323,1
899,807,23.237,8
1078,849,19.185,14
963,826,24.338,14
893,16,29.678,10
881,819,23.373,14
1114,859,23.136,11
984,825,23.065,8
850,817,22.319,19
906,826,25.235,16
895,20,22.873,1
1078,1,18.82,6
873,811,30.317,18
962,4,24.649,7
1026,832,23.476,5
868,18,24.762,10
913,154,29.04,13
1071,846,17.673,10
873,813,30.234,22
849,30,24.651,9
1010,9,21.889,17
950,3,22.831,1
988,825,21.875,13
1101,842,20.235,14
854,24,31.687,20
1014,826,22.049,9
1015,826,24.023,7
900,3,23.673,1
1082,842,23.557,14
861,819,29.317,20
855,1,21.091,5
891,814,23.475,20
866,817,21.558,14
1062,1,21.208,2
899,13,17.367,7
849,816,25.428,17
979,154,22.638,19
1136,842,24.203,15
957,822,29.282,14
1035,847,28.331,18
875,1,19.447,10
1119,842,22.262,11
854,5,31.207,16
957,830,29.429,2
1087,849,23.414,18
978,8,28.476,3
1075,825,22.374,9
846,13,26.615,21
898,154,23.876,2
909,813,19.099,12
1093,20,24.307,8
851,20,19.664,2
1038,815,26.693,10
871,17,20.385,6
917,13,23.22,3
1024,817,30.756,14
1105,847,22.054,3
1014,20,21.643,4
879,1,21.606,20
982,1,24.337,1
863,17,21.705,4
1110,807,24.571,18
867,808,20.726,13
1071,20,17.896,11
915,20,30.355,8
1127,822,30.24,18
850,18,20.952,22
1005,840,23.657,17
964,20,22.887,4
860,155,24.162,6
1035,817,28.057,14
976,825,15.128,7
1131,825,21.518,8
969,815,22.045,7
958,20,21.535,4
1113,842,31.802,6
872,20,15.008,22
1082,832,24.215,2
875,5,21.489,17
1133,807,22.287,13
1110,848,23.529,14
1028,154,24.583,15
1024,807,29.152,9
911,3,22.936,2
900,821,23.797,12
999,822,19.188,2
1120,844,21.246,2
856,5,21.951,14
962,835,25.211,15
911,13,23.224,13
1139,846,23.731,4
1114,815,30.651,19
846,16,25.037,7
887,154,24.725,19
1037,848,22.738,6
1095,847,23.48,1
895,817,17.801,13
1054,853,21.372,19
1144,862,22.08,15
1085,842,35.969,12
1044,154,26.686,18
1056,830,23.746,1
1061,4,29.743,7
1117,830,22.372,1
1027,815,22.357,7
1140,846,22.111,2
998,1,28.982,2
931,8,24.177,6
856,155,21.472,15
870,5,20.567,17
1139,832,23.963,2
1122,844,23.419,3
1005,807,23.555,19
1105,858,22.583,20
1064,842,19.163,4
1077,847,31.079,4
1083,815,28.155,2
1035,846,27.949,9
1022,825,22.584,12
967,13,29.421,18
995,4,23.099,18
1055,4,22.043,17
1116,848,24.354,9
1102,822,23.158,13
978,839,29.194,8
878,819,22.379,20
1022,20,22.786,4
930,3,21.87,1
950,831,23.735,20
883,4,21.123,8
849,2,24.434,8
936,807,22.222,20
1101,844,21.126,3
941,1,30.216,1
1041,832,22.503,5
844,20,20.112,1
861,20,22.998,11
943,20,22.156,18
1026,846,23.949,11
1120,832,21.229,18
845,17,19.984,4
1119,858,21.367,16
1079,822,22.541,6
983,840,24.109,8
1104,1,24.594,4
1134,4,23.075,8
1131,848,21.692,15
864,818,20.388,12
908,818,30.218,10
1040,822,29.75,1
984,8,23.699,5
930,817,22.44,7
898,4,23.817,5
927,813,24.276,16
903,154,23.213,21
959,836,19.626,17
1042,840,36.314,20
1129,4,24.346,6
1028,815,24.207,10
870,815,20.216,14
1102,844,22.068,7
1064,852,19.85,19
846,808,28.856,19
958,831,22.778,17
1085,817,36.264,9
928,815,22.829,11
1059,830,29.803,1
1000,842,21.684,6
1027,848,22.003,5
1060,849,21.152,16
883,1,21.444,5
1119,815,21.568,3
892,17,24.205,3
938,828,24.842,9
858,10,20.561,19
898,1,23.904,4
1042,846,27.75,13
1016,840,23.727,9
1101,848,21.103,12
1022,807,23.0,8
1132,839,28.276,16
1123,817,17.751,12
937,833,23.282,15
869,3,17.894,10
1073,854,22.07,14
971,822,24.54,3
929,831,25.459,12
1036,817,21.837,11
1116,4,24.823,16
857,1,22.172,7
1107,847,17.946,7
1058,854,22.4,16
1058,852,21.234,10
902,822,25.04,8
1132,858,29.444,11
912,154,25.098,16
1093,839,24.711,11
895,819,17.935,18
917,1,22.874,2
1057,854,15.058,13
1074,848,24.874,13
1001,822,20.349,4
998,154,29.254,16
1051,839,25.517,5
1022,826,22.834,7
862,155,21.012,10
984,1,22.724,1
1006,844,34.812,15
982,828,27.591,15
910,813,21.818,13
862,817,21.884,17
1111,825,20.137,16
954,822,22.184,3
1136,4,24.501,11
1031,848,17.035,13
1098,832,24.227,4
841,67,23.1,8
1007,842,22.57,10
886,819,22.033,18
958,817,22.006,3
852,814,21.334,11
1065,1,25.619,17
858,17,19.525,4
1019,9,28.694,15
1124,846,23.049,5
1038,841,23.998,16
1069,832,23.414,7
987,832,18.347,11
1014,830,22.417,3
1042,841,26.473,15
979,839,22.441,9
927,3,24.336,3
938,8,24.442,5
1066,849,30.056,19
1117,4,22.844,18
1137,860,21.276,10
1022,1,23.497,2
864,813,20.218,1
1083,842,29.632,16
882,817,20.303,7
890,815,22.323,9
1079,855,23.109,19
909,4,19.032,5
994,825,24.237,13
996,844,25.026,10
956,836,18.064,10
907,828,23.177,18
1093,825,29.039,9
865,30,25.117,19
910,820,23.232,16
1022,841,23.044,18
842,5,23.336,15
979,807,31.86,17
966,825,22.271,17
901,1,24.484,1
967,821,17.835,17
895,815,25.585,15
1010,817,33.027,19
917,815,22.997,15
1102,825,22.616,10
1061,842,28.18,11
938,20,24.34,2
1125,846,22.161,2
1029,807,22.747,15
862,1,20.177,3
1127,832,30.508,5
1041,847,22.496,20
1002,842,27.792,14
1020,844,20.317,17
1075,842,22.82,8
1053,20,31.184,15
988,8,21.609,4
1096,849,22.423,19
996,840,26.576,17
982,807,24.964,14
1055,840,21.432,11
895,4,22.645,4
1080,815,24.409,1
1137,855,20.52,14
976,838,15.097,12
1080,822,25.865,9
848,18,20.325,6
1135,839,21.015,15
850,10,21.252,17
870,808,20.515,19
872,3,21.854,7
1018,832,21.266,8
957,807,29.867,7
893,814,29.667,20
1070,832,22.031,6
1130,840,21.88,14
1052,842,24.317,17
1085,825,36.403,18
1099,825,20.87,10
938,830,18.818,12
856,816,22.412,20
993,838,27.416,15
1009,842,22.493,16
1095,846,24.669,18
871,3,20.534,11
956,1,16.983,1
931,13,24.395,15
989,1,21.821,2
1061,822,28.209,3
1071,847,18.179,13
965,830,23.489,20
1022,8,25.005,16
1022,817,27.62,14
1013,807,20.87,14
1033,822,21.572,3
877,20,19.918,3
866,4,21.133,5
1084,840,21.431,13
842,20,21.893,1
1027,154,24.128,17
1078,842,19.007,18
1058,832,21.226,6
897,820,22.802,21
1093,844,23.755,3
943,18,23.018,14
876,814,23.948,12
967,835,24.656,19
1137,842,20.257,12
933,1,21.869,2
1066,839,29.901,14
1129,830,24.246,1
1112,822,24.658,10
957,826,30.315,10
845,814,20.07,12
1005,843,23.11,13
1042,832,27.299,6
878,808,22.762,17
961,18,24.418,12
1062,849,22.704,7
851,816,20.916,19
882,154,20.083,9
1042,154,26.985,17
909,828,19.89,18
1130,822,22.744,16
860,817,23.257,9
849,3,24.399,6
867,5,21.04,14
941,815,30.545,3
1020,826,20.671,3
1004,832,30.021,17
1135,830,20.785,2
870,155,20.065,18
950,822,22.63,10
1105,848,23.319,16
1062,842,21.295,5
897,824,23.576,20
1011,840,26.6,14
1034,842,29.414,7
978,4,28.269,18
932,829,30.807,17
937,830,22.942,8
956,817,18.347,5
928,1,22.235,1
1018,844,21.878,2
980,839,23.2,9
868,17,25.179,1
1098,842,24.736,9
1071,830,17.807,2
1099,848,21.397,19
999,843,19.309,10
949,13,24.093,8
1101,858,21.015,16
964,836,24.63,22
1133,822,21.981,16
1140,842,23.204,10
1051,1,25.235,1
1066,1,29.878,1
1089,822,24.758,13
961,828,25.145,16
1029,1,22.882,7
999,807,19.584,5
940,807,23.491,6
898,813,32.794,17
943,830,22.589,9
856,153,22.301,7
892,820,26.146,20
1111,844,27.202,19
1053,817,34.34,6
1037,1,23.298,1
945,807,22.045,7
936,829,17.116,16
1108,848,29.634,8
1126,844,21.825,3
899,817,22.721,10
870,818,19.6,16
939,817,29.419,2
1023,840,18.838,12
913,826,30.089,14
899,17,25.012,2
856,814,21.06,10
872,13,22.161,4
1043,844,30.243,5
884,18,18.81,8
949,1,24.512,3
896,8,24.141,7
1071,844,17.771,5
1123,852,17.535,7
962,831,25.057,13
963,1,23.689,18
1077,848,30.793,11
965,825,23.898,12
944,831,24.491,13
1054,822,21.377,3
977,817,21.713,3
1005,828,23.244,12
1040,848,30.111,10
915,820,31.374,21
954,13,22.925,20
952,8,22.107,2
1052,8,24.046,11
891,20,22.685,1
1111,847,19.607,17
993,20,22.054,4
995,8,23.645,6
1039,822,17.56,2
1114,832,23.075,6
949,828,24.775,12
880,1,21.778,5
1021,846,26.066,9
931,815,24.733,7
936,815,16.958,19
888,17,19.921,7
980,825,22.828,15
936,1,16.579,6
929,4,24.878,11
1012,9,32.627,17
861,817,22.61,12
1016,842,23.485,8
939,830,30.844,8
999,838,19.621,13
1054,852,22.266,15
971,1,30.682,2
994,4,24.241,20
1101,846,20.346,9
1016,807,24.03,7
1089,832,23.728,4
996,807,25.016,9
849,16,24.077,11
986,832,22.852,16
1093,849,24.195,17
950,8,22.832,5
936,830,16.415,4
987,830,17.913,5
1113,839,29.755,18
851,16,20.589,14
1112,830,24.228,1
933,833,23.926,14
1102,4,22.631,3
912,3,24.583,2
874,13,20.778,2
1074,854,25.214,11
1005,20,22.748,6
983,154,24.419,13
983,825,23.766,12
895,17,22.774,2
1098,855,25.282,16
880,154,22.133,10
988,839,21.865,8
870,37,21.877,22
1023,826,24.479,19
1047,817,22.123,7
932,822,25.541,3
847,22,23.059,9
972,832,29.973,10
986,8,22.54,3
868,817,25.613,13
1115,847,28.191,4
1015,841,35.651,19
1112,1,24.255,6
898,822,25.014,8
995,815,23.718,14
883,823,22.252,21
1109,848,21.762,11
856,67,21.992,9
1032,849,22.745,17
1113,825,31.475,10
880,20,21.596,3
1052,20,24.626,15
1125,855,23.252,14
850,814,22.535,13
855,10,21.726,20
1073,839,21.677,9
895,822,23.421,17
1056,8,24.077,11
1139,848,24.391,16
1010,154,29.981,18
956,815,16.544,17
903,3,23.089,2
888,821,19.816,14
985,843,24.229,13
928,18,23.273,14
1107,839,18.143,14
936,8,16.734,18
1095,855,24.332,12
988,815,21.869,7
930,830,22.607,11
858,3,19.785,6
981,4,24.442,17
1070,849,22.739,17
955,821,21.533,16
930,807,22.534,15
1034,840,28.716,9
914,18,24.532,5
1138,852,29.662,12
1074,822,25.156,6
1034,848,28.834,8
901,18,24.524,6
853,30,22.014,5
1028,840,24.567,13
961,815,24.033,8
1130,1,21.603,3
1110,1,23.023,4
1002,845,25.245,10
843,17,21.091,3
992,20,20.037,4
1128,855,24.367,16
861,1,24.271,3
1056,854,24.797,18
1139,840,26.399,15
945,3,21.58,1
1018,8,21.709,9
990,8,25.018,18
1005,154,23.692,8
926,830,23.532,13
913,822,28.88,11
915,4,35.112,6
891,822,23.411,15
894,822,23.912,12
913,18,28.627,18
867,17,20.222,4
892,807,25.633,5
979,20,22.317,1
857,15,22.894,19
842,17,21.991,4
875,819,21.302,19
1046,846,24.245,10
1073,844,21.173,10
1126,822,22.765,16
1140,825,23.332,7
911,8,22.819,4
1095,839,23.868,8
999,845,21.711,19
862,8,21.433,14
1060,832,21.431,5
1027,830,24.493,6
885,4,24.489,7
1098,825,25.125,13
965,821,24.47,21
926,828,22.353,8
1094,815,24.892,3
1116,830,23.756,1
1047,848,21.508,4
1055,830,21.592,2
926,831,22.933,5
1098,858,25.047,12
986,836,23.358,14
1058,815,20.961,4
901,825,24.415,9
884,818,19.772,20
1094,854,23.679,16
1041,815,22.612,4
951,828,30.433,14
865,39,26.973,15
1002,832,25.774,8
1045,848,23.848,3
849,155,28.448,22
1142,840,21.588,15
914,818,24.353,9
862,813,21.229,8
856,20,19.985,1
900,813,22.847,16
952,18,22.28,9
1022,847,22.442,15
989,825,21.983,17
937,829,23.826,16
992,4,21.371,7
1033,826,22.685,12
1055,842,26.065,10
1136,844,24.551,1
974,839,24.299,12
917,813,22.865,12
1112,807,24.328,17
897,17,21.175,2
971,836,26.542,11
989,154,23.054,16
843,2,21.821,12
905,154,25.029,8
956,832,18.636,8
962,836,24.308,16
953,3,26.698,7
962,832,25.973,14
1006,838,24.065,11
1091,832,30.603,3
908,824,30.353,14
975,822,22.946,2
1032,830,20.937,3
861,4,22.534,1
978,13,27.583,10
910,16,22.5,11
1112,846,23.727,8
886,814,21.066,7
879,37,24.51,17
904,13,22.304,13
917,826,24.385,11
1091,844,32.058,2
996,825,25.419,6
967,817,24.521,8
988,830,21.269,5
932,828,24.149,14
853,18,21.66,2
991,844,23.392,19
1139,807,24.5,8
897,813,22.886,11
987,828,17.802,13
948,3,21.531,1
872,10,22.581,17
937,826,22.563,4
1025,826,29.571,12
1070,841,22.205,11
964,13,22.463,9
964,821,23.792,20
1040,826,29.662,8
842,4,23.152,6
905,807,25.714,5
894,807,23.654,4
967,822,24.724,11
998,8,28.985,3
1003,154,29.517,15
907,155,22.48,16
1000,8,21.829,3
846,15,25.595,13
1096,4,21.74,20
853,811,22.273,9
909,817,18.868,6
977,13,20.977,9
899,5,22.646,14
1135,4,21.348,10
1121,847,24.778,5
843,30,20.522,8
905,8,25.282,12
874,37,22.487,18
901,16,25.493,18
1030,847,22.272,17
854,20,30.023,1
960,8,23.056,9
941,4,29.539,11
873,815,30.043,10
1035,826,28.036,10
1100,856,18.08,15
1067,847,23.551,15
996,838,24.399,12
1079,848,22.657,18
1071,841,17.713,14
1084,842,22.724,15
1014,817,22.379,12
965,835,24.071,13
1017,8,29.975,7
1031,826,19.656,12
1081,4,20.571,7
1011,815,26.798,10
986,842,22.709,13
957,3,29.395,3
963,835,23.928,10
1130,847,22.7,4
1091,817,30.946,5
844,808,21.323,8
950,821,22.963,14
933,817,27.71,10
965,154,24.523,10
1043,841,29.745,10
949,154,25.739,5
1002,844,24.084,11
1104,858,24.376,18
928,3,22.483,2
1104,807,25.672,17
985,4,23.796,17
1057,847,19.97,17
1138,1,29.272,6
1073,849,21.241,16
873,4,29.19,3
1008,838,22.618,14
1101,807,24.748,17
891,4,22.444,2
868,1,24.498,8
1139,815,23.58,7
1055,841,22.871,15
900,16,24.305,11
968,835,22.145,17
1125,817,22.598,18
915,16,30.733,16
1056,849,23.703,15
1069,853,24.169,17
853,817,30.777,16
961,807,24.043,10
1101,852,20.497,10
972,828,30.655,15
945,18,22.31,12
1016,20,23.782,2
1082,830,23.704,1
1019,830,27.827,5
1105,852,22.009,12
938,822,25.536,4
901,822,24.498,8
1144,4,22.437,9
995,845,23.531,17
884,823,21.686,21
904,825,21.768,12
1043,1,30.382,1
929,1,24.528,1
915,825,29.736,5
881,18,21.028,17
858,15,20.791,18
847,30,22.832,4
855,20,21.596,3
917,822,23.294,10
890,807,16.512,11
859,24,22.666,21
968,13,21.539,9
877,811,22.587,8
1003,817,28.779,6
1096,815,21.36,3
1053,847,29.983,19
1108,852,28.353,16
910,1,23.364,3
970,828,17.341,15
1137,846,19.712,4
948,817,21.981,4
1077,815,29.627,2
1081,830,20.722,1
966,835,23.897,14
1014,842,22.095,6
843,155,21.855,10
844,30,20.379,12
879,13,21.68,3
1126,858,22.611,20
878,813,22.342,9
1020,848,19.931,6
1060,854,21.798,18
1051,20,25.726,10
991,828,22.785,16
1106,857,23.436,11
885,1,24.801,4
1105,807,22.298,15
1126,825,23.265,19
902,821,25.543,19
1066,817,31.016,4
1114,855,24.091,13
898,820,18.737,21
1065,840,24.846,7
1087,855,23.364,14
862,37,23.488,21
1064,847,18.634,17
997,154,22.121,4
1130,4,21.957,12
1131,846,21.411,20
1096,846,21.559,6
1117,825,23.642,19
1072,8,34.489,15
977,822,22.387,1
1052,830,23.848,2
1036,842,22.241,9
1011,826,26.508,12
1070,844,22.085,5
1091,842,29.867,10
914,825,23.701,14
1079,842,21.838,13
1046,842,24.577,11
952,822,21.856,5
1069,817,24.036,5
1111,840,19.653,11
1084,825,22.088,8
1067,817,23.028,13
841,13,23.842,7
873,808,30.341,19
949,3,24.934,1
1008,4,23.046,17
1121,848,24.61,15
990,825,24.629,5
1105,4,22.558,7
1001,815,19.667,5
1121,844,24.069,4
893,20,28.787,1
1105,815,21.537,4
913,815,29.339,7
1058,830,20.936,1
1132,855,29.125,18
1098,4,24.869,3
953,1,26.315,1
1078,840,19.074,10
1134,844,22.942,3
1002,1,23.728,1
896,807,24.096,19
912,825,24.214,10
1117,832,22.067,4
989,815,22.327,11
987,154,18.456,15
851,24,22.458,20
1123,846,17.653,3
843,10,21.908,21
868,811,25.983,9
901,821,26.325,17
1070,830,21.908,1
1135,858,22.03,16
1115,842,28.429,12
854,1,24.342,5
895,13,17.822,10
948,828,16.936,17
859,155,21.231,9
1054,4,21.452,8
1037,825,24.339,17
984,154,22.781,9
1108,856,28.242,17
918,13,22.04,2
1099,847,20.828,4
850,815,21.645,11
884,824,19.83,18
904,16,23.378,17
1067,1,22.684,5
1014,1,22.265,1
941,826,30.418,5
1088,852,18.774,20
1004,830,29.37,5
887,18,24.357,13
939,3,29.887,4
956,18,18.307,6
856,817,22.115,19
990,839,24.596,10
1015,807,25.532,13
974,836,25.813,19
938,1,24.368,1
1060,847,21.606,11
1010,825,22.388,6
1086,842,21.489,12
968,839,23.026,13
1010,844,22.306,5
1122,852,21.694,15
1058,817,21.41,13
1071,822,17.837,3
908,16,29.956,13
849,13,23.238,5
1135,848,21.016,14
1055,839,22.798,9
970,807,17.336,12
1107,857,17.324,16
949,825,24.341,11
1131,815,21.291,7
953,830,25.459,18
1042,815,26.177,7
1053,841,29.742,14
1091,815,29.55,1
841,1,23.199,2
960,20,22.403,6
907,820,22.977,17
1059,847,30.092,12
983,807,24.872,16
982,817,24.362,2
860,8,23.31,7
1064,854,24.578,18
1127,807,29.749,11
940,1,22.75,1
1003,828,28.86,11
1039,839,17.455,14
880,18,21.538,9
918,817,21.582,4
1029,154,23.471,13
939,807,30.868,20
1079,847,22.039,3
1072,840,27.165,11
1079,854,23.127,14
1105,839,22.112,8
1076,817,18.15,6
1017,848,30.279,15
989,822,21.664,8
1057,846,15.866,5
1042,830,26.394,3
867,815,20.904,9
897,822,23.361,15
900,817,22.427,22
981,20,24.307,3
906,3,23.882,2
1070,20,22.277,7
1034,830,28.208,2
874,813,21.118,8
1041,849,24.063,14
1035,849,28.086,19
1057,8,15.064,10
912,815,24.938,7
1095,852,23.287,17
1065,9,24.501,14
968,826,21.896,19
882,822,21.49,13
929,832,26.593,19
1043,8,29.863,9
1020,9,19.626,10
995,842,24.107,11
914,20,23.443,3
979,815,24.017,8
876,5,22.967,18
1013,840,23.099,9
998,825,28.45,9
948,830,22.303,10
992,825,21.778,13
895,807,23.383,6
1086,847,21.743,3
1114,1,23.631,5
899,4,22.732,3
952,807,22.176,20
850,5,21.175,16
915,813,30.18,18
868,819,26.164,19
957,836,31.812,22
911,18,22.588,6
878,5,22.713,18
1142,815,21.034,10
941,832,30.288,16
847,10,24.425,16
849,22,23.955,13
1113,848,29.787,11
1012,817,23.506,7
1092,842,23.966,18
1124,858,23.287,17
991,839,22.637,11
1108,842,28.458,18
955,822,19.732,6
872,813,21.814,11
944,817,23.937,11
1054,842,21.353,10
962,828,26.135,17
1038,154,25.936,12
857,30,20.893,5
1106,825,24.515,17
876,3,21.49,11
1132,840,29.023,7
888,8,19.378,2
969,839,22.154,10
1029,846,23.355,8
948,18,21.837,14
1026,848,23.301,4
1135,847,21.159,7
904,820,23.232,19
1127,858,31.085,17
1121,817,24.856,13
872,815,22.472,2
938,832,24.736,11
1003,838,30.234,12
1021,848,23.676,10
1029,844,22.966,18
1003,822,28.542,4
1035,8,29.296,15
1126,839,22.663,10
1012,847,23.965,16
894,18,25.946,8
1043,849,29.892,11
903,821,22.734,16
1036,8,22.197,14
928,828,23.846,10
1032,841,21.667,14
1020,830,19.062,1
844,5,21.633,19
1005,815,23.635,7
975,836,24.202,15
964,839,24.256,21
1078,848,20.059,9
880,814,23.01,8
901,13,24.526,7
1134,858,23.338,17
1095,840,23.469,10
970,815,17.312,9
1129,848,24.753,17
1036,830,21.532,2
1113,815,28.977,8
1138,857,29.152,3
1056,846,23.874,3
897,4,21.453,5
860,10,25.046,14
1025,822,29.436,2
1104,4,24.414,2
1051,841,25.347,15
909,824,20.031,15
930,826,22.273,10
962,826,24.584,9
888,18,19.692,6
968,154,22.527,11
904,818,22.976,22
985,817,23.604,18
844,815,21.715,14
1007,830,22.088,1
997,839,22.527,6
1076,849,17.936,16
1078,844,19.697,2
986,838,28.044,12
861,39,27.7,21
1106,815,23.218,6
945,1,21.346,2
1117,857,23.734,8
1077,830,29.942,1
1038,817,25.498,6
918,18,22.042,5
1057,4,15.432,6
881,813,22.703,19
865,8,26.38,9
847,67,23.949,10
908,822,29.104,2
1075,832,21.521,3
964,832,22.938,17
1087,832,22.543,3
896,821,18.423,15
1074,855,25.291,10
1011,825,24.948,13
938,829,29.382,15
1004,822,29.794,2
867,807,20.332,5
1038,8,24.454,13
952,836,24.387,16
886,822,22.242,14
1012,830,22.365,4
1075,855,15.103,11
866,813,22.704,13
1013,826,21.013,19
940,831,24.116,20
1026,1,23.582,3
1111,1,19.327,6
1122,860,22.457,7
927,817,25.393,10
963,822,23.828,5
871,817,20.287,9
1135,1,21.026,8
887,819,26.191,15
1099,815,20.715,1
1007,843,22.055,14
931,832,25.306,10
964,1,22.732,3
1113,859,32.348,9
1087,825,23.396,16
848,17,20.319,3
966,18,22.438,12
999,825,19.818,11
1021,1,21.39,1
894,813,23.47,13
1093,852,23.241,10
967,825,24.265,14
1099,830,20.824,2
854,817,33.058,19
885,824,25.098,19
1091,840,29.863,6
1099,840,21.15,20
985,154,24.897,14
1137,807,21.617,11
1078,847,19.035,5
991,825,22.973,10
1053,4,30.864,10
886,815,20.427,11
969,826,24.026,9
1080,847,25.352,5
1125,807,23.004,10
932,826,23.681,9
1127,844,30.149,3
1028,830,23.444,3
1000,825,25.126,7
1033,844,22.266,11
1118,822,20.732,16
888,815,20.432,8
1017,9,29.792,18
980,13,22.667,8
1065,822,24.308,3
1132,1,28.929,1
888,154,19.591,3
999,839,19.57,8
1121,825,24.446,12
1057,844,15.092,4
1027,826,22.033,11
1069,852,23.529,9
1143,832,22.776,6
1133,855,21.993,19
912,818,25.046,13
909,820,20.632,17
853,813,22.614,11
993,828,22.1,13
885,823,25.676,15
1035,839,28.093,8
1044,841,25.432,20
1066,841,30.081,16
960,817,22.531,2
1012,154,23.261,11
852,813,21.421,10
927,8,24.653,4
937,4,22.973,13
1136,848,24.801,9
1019,815,28.747,17
885,815,24.672,16
1032,840,22.118,7
854,3,29.417,7
873,13,29.403,8
1014,847,21.846,17
945,20,21.628,4
1037,844,25.1,14
897,814,22.27,6
1134,807,23.268,18
1064,841,19.049,14
1099,832,20.76,6
938,807,24.286,7
973,4,22.69,12
966,831,23.54,15
979,4,22.399,6
1084,832,21.212,18
945,822,24.485,13
870,154,20.231,3
1118,846,19.386,2
964,835,23.452,12
842,808,22.68,17
944,826,23.63,7
930,8,21.789,5
997,20,23.912,3
853,22,23.414,12
1055,8,21.572,12
881,823,22.706,15
1053,844,31.002,4
1099,857,31.534,15
901,817,24.709,16
896,18,23.517,14
998,20,28.174,1
950,20,22.276,2
868,3,25.189,15
884,819,20.734,17
864,37,21.471,19
962,8,24.874,4
905,822,25.595,16
1013,9,15.069,16
841,15,24.848,13
967,807,24.282,7
1074,817,24.885,14
1043,847,29.707,16
912,20,25.176,6
899,822,23.695,21
973,836,23.445,8
940,4,23.64,11
878,10,23.092,19
965,13,23.464,7
890,821,22.425,21
1019,844,28.348,3
1056,841,24.521,10
951,817,31.205,11
903,820,23.781,19
938,817,24.259,8
1038,832,24.398,2
862,807,21.027,15
883,813,22.066,11
1113,830,29.698,5
878,155,24.079,14
936,826,16.453,2
1059,841,30.586,15
1006,822,23.478,5
973,828,22.775,11
1137,848,20.287,7
1105,825,22.124,18
883,817,22.028,16
991,842,23.95,18
894,815,22.901,10
1135,855,21.214,20
1027,807,22.484,10
866,811,22.781,17
1002,839,24.827,6
974,822,24.308,4
1086,822,22.272,20
1055,1,22.078,1
1089,825,24.846,16
966,1,21.709,1
934,20,28.946,3
870,20,18.964,4
868,154,25.388,6
1010,846,21.627,12
1033,830,21.268,2
857,39,23.605,17
1096,852,21.591,11
1041,1,23.18,1
862,3,20.645,1
944,834,25.492,18
845,39,24.298,21
992,840,19.737,8
955,807,20.347,9
916,821,24.726,14
984,830,22.62,2
1016,822,23.456,4
915,817,30.006,7
887,817,26.229,8
1110,825,23.572,15
866,155,21.453,9
849,18,23.292,20
976,154,15.073,13
1122,825,21.46,12
1003,1,28.946,1
1102,852,22.39,11
868,807,25.444,12
1075,815,20.481,4
1067,849,24.104,17
1093,848,24.311,13
997,840,22.181,14
970,832,17.337,7
1126,847,22.8,8
1045,817,24.617,7
1066,20,29.242,12
962,1,24.453,3
1080,1,24.507,8
977,836,22.414,14
1036,832,22.078,6
859,30,20.782,15
882,8,20.464,2
943,829,24.224,16
858,817,21.693,21
991,845,22.723,15
1078,20,19.861,17
1105,832,22.321,5
895,16,23.484,14
1004,840,29.266,15
970,4,17.302,16
1083,840,28.632,11
906,818,23.975,8
961,8,24.116,4
1120,857,21.156,6
1056,1,23.783,7
988,832,21.956,19
1127,4,29.931,19
1061,815,27.848,16
1135,852,20.88,17
898,807,24.03,6
1005,845,23.647,16
1122,815,22.196,2
910,826,22.202,14
1094,855,24.218,13
1009,822,21.289,5
1093,847,23.947,5
913,1,29.284,1
883,16,22.199,13
966,154,22.957,20
1137,847,19.954,3
1108,4,28.679,7
902,807,24.44,5
1051,840,26.157,6
881,815,20.894,9
1052,854,25.343,16
869,5,18.801,19
850,155,20.882,9
929,829,26.103,16
952,828,22.84,12
884,820,21.34,19
871,37,22.064,18
1102,840,22.651,12
950,825,22.677,17
848,155,20.545,16
1094,846,22.585,9
1022,842,22.772,9
1143,848,22.71,15
999,1,18.978,1
870,814,20.352,12
883,17,21.031,7
911,154,22.838,20
867,37,23.125,17
1055,844,21.613,4
1118,830,18.535,1
1122,1,20.17,9
992,842,20.782,12
1142,852,21.168,9
1110,855,24.045,13
1087,844,23.189,6
942,826,24.638,13
987,1,18.725,4
871,818,20.66,8
1030,826,21.496,9
871,813,21.842,20
1069,822,23.619,6
1064,849,20.646,16
966,832,22.747,16
1030,825,21.531,14
956,828,16.419,15
998,845,28.224,14
1036,826,22.079,12
908,813,28.831,17
1032,1,21.729,1
885,813,26.146,20
867,30,20.041,3
912,18,24.669,8
984,807,23.199,17
944,829,25.547,17
953,807,25.215,6
966,821,23.11,19
944,1,22.936,2
929,830,27.225,18
1067,852,23.329,14
1133,847,21.328,8
956,830,17.165,2
1107,822,17.13,15
1143,852,22.714,13
1115,839,28.961,7
1142,859,20.642,16
881,20,20.757,1
870,1,19.059,1
960,835,22.578,15
1080,854,27.637,19
999,8,19.647,3
1104,840,24.656,20
926,13,22.062,4
1101,815,20.389,1
1107,4,16.6,5
1038,848,29.661,15
893,817,32.097,22
938,3,24.657,17
1133,846,21.249,2
903,828,23.677,20
1120,855,22.345,17
1052,4,24.373,19
1130,848,21.892,18
941,18,29.719,9
1104,844,24.192,6
891,13,22.634,7
1044,848,22.49,7
906,4,23.79,6
863,818,22.241,14
1064,815,18.555,8
930,18,22.589,16
1124,1,23.333,9
1102,815,21.884,2
979,835,22.684,12
1036,847,21.889,17
1100,855,18.951,9
1005,825,29.007,20
908,815,29.599,11
876,155,22.726,14
1073,8,22.338,19
996,817,24.309,4
882,823,20.743,18
896,824,25.383,18
890,8,21.643,2
906,821,24.37,14
867,8,21.103,2
894,824,23.097,16
896,814,23.662,8
1136,1,24.155,5
1013,830,20.973,4
964,817,22.996,6
1084,846,22.684,7
843,808,21.981,9
1123,4,17.995,8
948,832,22.392,9
1111,855,20.231,18
1141,1,25.205,10
1134,848,23.146,12
1024,846,30.397,7
894,1,22.251,5
1067,830,22.442,2
1026,8,23.164,12
1040,20,29.395,13
1101,4,23.148,4
985,822,23.254,5
1042,844,26.94,4
886,807,21.014,21
894,4,22.208,6
849,815,25.386,7
1008,822,22.727,5
956,4,16.764,18
964,3,22.673,1
1014,9,21.954,18
1138,822,30.423,16
953,4,25.512,5
1141,855,25.248,15
914,155,24.907,19
1124,839,23.394,15
851,155,21.258,11
1053,852,30.696,12
982,836,27.865,12
948,20,21.339,3
1035,822,28.188,3
1115,807,28.274,16
910,4,21.634,2
960,821,23.486,12
874,154,21.143,19
896,13,23.332,4
1066,844,31.849,15
1026,9,22.97,17
938,13,25.207,3
985,830,23.423,4
1023,844,23.833,1
892,3,24.079,6
1094,847,22.795,4
964,807,22.832,8
1141,844,24.573,5
856,4,20.639,5
986,822,21.758,2
965,822,25.222,16
1109,815,20.88,3
980,835,24.674,13
910,818,23.123,9
892,1,24.315,9
959,822,18.796,9
1094,20,22.534,14
936,832,16.66,17
1039,1,17.536,1
1019,825,32.767,20
1030,844,21.274,3
979,814,22.399,18
1045,1,24.061,1
1056,832,24.15,2
1062,4,21.523,4
915,3,33.82,2
948,1,21.94,2
862,811,21.184,7
1133,852,21.467,9
1059,842,30.781,7
1143,1,22.705,12
1004,807,30.625,12
858,18,20.301,3
960,831,26.39,17
896,817,24.471,10
1081,840,22.059,16
959,807,19.144,7
940,832,23.701,10
892,822,24.665,15
975,828,24.047,13
842,2,22.602,3
955,18,20.185,11
930,154,23.309,8
1041,848,23.562,17
1045,815,24.317,18
991,830,22.596,5
1074,839,24.233,7
1086,848,21.816,17
976,13,15.033,16
968,1,21.355,1
863,13,21.938,9
893,813,29.966,11
845,4,20.238,5
911,20,22.731,5
1122,4,22.129,5
854,808,30.485,17
977,154,22.026,6
863,18,22.27,18
851,3,19.939,9
983,4,25.798,11
1000,4,21.795,8
982,832,25.356,4
908,20,28.558,5
852,5,22.009,15
1017,1,30.186,1
869,815,18.143,6
1111,807,19.713,12
964,4,22.786,16
1086,846,21.855,7
965,828,25.229,14
872,817,21.72,12
1142,848,22.012,19
965,831,24.244,15
1128,1,24.232,7
1044,20,24.022,3
1006,839,24.534,19
1095,849,23.64,16
1130,842,21.687,9
878,39,24.497,22
980,826,22.444,12
1110,832,23.303,19
1061,847,27.812,12
1052,847,24.248,14
1059,844,30.798,16
1135,815,22.934,6
873,819,30.647,16
1042,842,27.204,5
1015,830,24.011,4
1076,822,18.413,8
996,845,26.273,15
960,4,22.451,7
1010,830,21.157,3
942,4,24.631,11
864,155,20.381,5
932,8,23.63,4
963,4,23.92,7
1051,832,25.639,7
967,826,25.355,13
878,807,22.099,8
866,10,25.52,21
866,13,21.115,10
1113,1,32.631,3
1083,849,28.438,12
972,8,30.152,3
961,839,25.539,18
1066,8,30.102,8
878,154,21.19,7
1076,848,19.845,10
1119,825,21.611,13
915,18,29.994,4
943,831,23.026,17
872,30,22.247,6
1093,822,25.013,19
1037,822,25.548,2
858,815,19.979,11
1108,832,28.869,10
1124,847,22.991,7
846,24,28.298,16
1054,849,21.73,18
1058,4,21.131,9
962,817,25.925,2
1070,815,22.114,3
928,13,23.145,5
999,828,18.84,9
1033,849,21.596,19
887,813,25.244,11
978,836,29.861,17
1092,846,24.595,10
1020,8,20.93,12
1064,4,19.018,6
1062,817,21.623,11
973,20,22.307,2
1124,840,22.911,12
1099,4,26.879,3
960,839,24.208,16
1106,1,23.749,3
981,836,25.212,16
953,831,27.166,17
1100,857,19.442,8
878,8,24.84,6
904,1,22.951,1
1121,832,23.866,3
1129,852,25.569,14
983,1,23.489,2
1120,1,22.045,9
910,815,25.535,19
901,818,26.598,19
1012,840,23.466,12
862,4,20.024,9
931,807,24.758,11
858,153,21.363,15
1105,857,22.37,13
852,1,21.895,22
1101,822,20.967,18
848,2,21.472,10
1109,855,22.853,16
1084,4,21.552,10
860,815,23.882,8
956,807,16.227,19
845,3,19.534,7
881,820,22.115,16
891,820,17.427,19
1125,1,22.518,9
1132,832,28.706,5
1076,852,18.443,15
1046,839,24.414,2
985,815,24.326,8
1031,8,21.569,14
882,18,19.862,5
844,67,21.769,9
963,839,25.368,16
1022,844,22.449,1
1119,847,21.257,8
1121,842,25.24,18
877,154,21.017,19
1086,20,21.402,10
1120,807,21.861,15
965,817,23.534,3
1092,1,25.059,5
1093,854,24.651,15
1140,861,23.895,12
1061,852,29.134,10
960,807,23.564,4
861,807,23.358,9
860,1,22.862,3
1129,817,23.86,8
1120,4,21.841,7
845,815,21.143,9
987,836,18.764,14
1101,839,20.367,15
1087,815,22.349,2
1040,844,30.261,6
1019,807,28.926,10
949,815,24.517,16
912,822,24.991,4
1051,4,25.991,3
1018,848,21.225,15
1013,8,21.401,10
1132,847,32.045,19
926,817,22.535,6
1074,832,24.287,2
934,822,28.781,5
1131,830,21.899,5
1076,1,17.877,4
849,153,24.095,10
938,833,26.435,16
969,830,22.208,5
948,836,23.895,16
874,815,21.273,22
974,830,25.343,5
1019,826,28.811,9
865,1,25.748,5
863,30,21.979,10
1033,847,21.184,18
1105,856,21.976,14
849,10,24.959,16
1087,839,23.491,7
1133,4,21.8,11
980,815,23.289,17
1051,822,36.341,20
1089,815,23.299,6
964,822,25.007,10
957,815,28.915,6
884,814,19.481,7
912,8,24.547,9
945,154,22.203,9
989,4,22.573,5
1087,852,24.253,13
876,808,22.445,17
966,8,22.398,6
975,20,23.345,4
1007,839,22.756,11
1087,854,24.158,17
900,8,21.825,7
865,807,26.447,8
1093,846,23.702,6
1089,839,24.336,11
1018,847,22.772,18
1054,832,22.029,11
917,154,23.023,17
1051,842,25.63,11
961,830,23.827,7
981,835,31.008,20
1011,822,24.433,2
954,8,22.82,6
877,819,21.941,18
1137,822,20.045,16
915,8,30.097,9
861,30,22.163,10
846,155,28.642,5
1111,815,18.789,4
1008,1,22.641,1
880,813,23.099,21
910,3,22.001,4
909,3,20.055,1
959,3,18.936,4
1109,830,21.407,1
918,822,21.661,3
929,822,24.623,4
939,8,30.031,3
1134,1,22.704,1
1141,4,25.107,14
860,17,22.915,4
966,839,23.866,21
883,815,21.161,6
1143,822,28.14,11
1024,844,29.168,2
907,813,22.612,12
1091,825,32.603,12
1118,842,20.523,7
958,18,16.486,22
888,807,20.364,10
863,4,22.094,7
914,8,24.173,12
894,3,23.412,7
949,821,32.793,19
1121,852,24.324,14
874,10,20.662,16
973,840,22.071,16
871,819,21.611,16
971,832,25.001,16
996,154,29.996,11
949,826,24.224,7
1131,832,21.226,3
1009,4,21.726,11
1106,830,23.644,1
1131,852,21.25,14
989,840,21.397,14
1055,847,21.919,14
1131,839,21.231,12
1026,842,23.18,7
943,834,25.367,15
1065,20,25.157,12
859,815,21.337,13
977,839,22.176,8
1039,817,17.464,4
1007,844,22.588,7
1024,825,29.403,17
881,821,22.394,12
867,13,20.126,16
845,16,20.267,13
1127,830,30.416,1
1077,844,30.042,6
950,832,22.832,9
1019,822,28.177,2
1088,822,19.741,19
1025,20,29.86,18
1047,826,25.724,11
1004,4,30.348,14
979,836,22.998,15
931,817,24.244,5
892,815,25.933,12
1003,807,31.183,10
949,838,24.604,10
979,838,28.616,10
1054,847,22.755,16
1116,855,24.717,13
852,16,20.983,7
1046,826,24.101,7
1080,840,25.65,14
896,815,23.541,5
999,815,25.13,7
939,826,29.159,6
1124,830,23.177,1
848,808,21.105,15
1066,853,30.127,18
1131,1,21.563,4
1127,846,29.956,2
1139,855,24.433,19
1064,839,19.24,9
1044,839,23.475,11
853,814,21.87,8
952,4,21.795,19
939,834,31.18,14
1004,843,29.418,20
1038,847,25.249,14
1000,839,22.258,13
1041,830,22.106,2
911,16,23.732,14
860,13,22.103,17
1018,842,22.239,7
1060,1,21.005,4
1010,807,21.588,7
1113,832,29.499,1
1124,822,24.824,14
1019,847,30.245,14
912,155,25.277,17
869,808,18.323,16
990,838,25.081,8
842,815,23.597,21
868,5,26.196,17
1027,20,21.862,2
1034,839,30.768,6
852,30,20.153,5
906,825,23.479,9
1017,832,29.92,6
1028,844,23.844,4
860,813,23.166,13
911,828,24.083,17
853,153,21.988,7
1016,832,24.727,11
932,13,23.912,6
934,8,28.974,8
899,824,23.403,17
881,17,20.736,2
942,834,25.812,12
978,1,27.733,1
1006,843,23.819,9
1065,832,24.283,6
952,821,22.43,11
1031,844,18.748,2
857,20,21.415,1
1030,832,21.466,10
927,815,25.268,13
994,838,25.438,14
1031,846,18.163,3
1126,855,23.017,14
864,8,19.777,3
1020,20,19.586,2
994,8,24.263,4
915,826,30.321,14
1059,853,30.983,20
1112,815,23.819,2
1123,842,17.682,13
1034,846,30.289,5
879,20,20.997,6
937,822,17.343,9
1114,807,23.338,14
1088,846,19.303,7
975,154,31.256,10
1084,849,21.206,19
1079,839,22.033,7
1086,1,21.699,2
1125,857,22.262,8
858,24,21.247,20
903,155,24.722,18
1036,840,22.351,4
1115,852,27.596,15
1095,815,22.869,7
1126,840,22.631,17
1092,855,24.266,16
857,811,21.723,12
1081,842,22.698,5
1122,846,22.211,8
981,826,25.826,12
1007,825,22.39,15
1120,847,21.65,3
911,1,23.066,19
872,808,22.182,15
1044,844,23.687,4
1121,858,25.07,20
956,837,16.218,16
871,39,22.523,19
1129,847,24.044,3
977,838,16.206,12
987,807,18.052,10
1045,839,24.076,9
1113,807,35.497,13
1054,1,22.164,1
1087,847,22.825,4
1114,842,24.488,10
978,20,28.363,7
913,4,28.81,4
1081,848,21.54,12
846,18,24.67,3
940,813,23.249,8
914,813,24.184,16
972,807,30.28,8
901,807,24.887,5
987,8,18.027,3
995,839,25.353,9
1112,839,24.249,19
1119,855,22.155,15
897,815,21.37,9
1113,855,30.032,12
843,67,21.928,14
1059,854,31.457,19
1044,846,22.684,8
1102,830,22.688,1
1141,857,26.05,8
934,833,30.686,12
996,8,24.289,3
961,817,23.633,5
848,30,21.168,17
976,836,22.356,10
981,830,24.173,10
1123,815,17.222,5
1037,154,23.636,15
984,13,22.956,10
1099,856,21.116,14
875,4,19.93,3
1008,825,23.115,9
1101,857,20.902,11
894,818,23.845,18
1071,4,17.705,9
908,820,23.154,16
1139,844,23.817,1
844,18,21.368,6
945,833,24.314,19
1042,848,25.882,12
937,815,22.918,5
876,813,22.003,16
1023,832,27.01,20
890,814,22.723,18
987,822,17.784,2
899,18,22.746,4
1043,848,29.552,15
983,838,24.58,7
896,16,23.891,9
902,1,24.687,1
1136,846,24.169,3
1121,846,24.205,6
1125,852,22.387,19
890,13,21.612,8
1059,839,30.207,14
1069,847,23.572,14
988,817,23.477,20
918,826,24.169,20
1132,848,29.41,9
940,828,23.418,14
1053,8,30.28,13
1144,830,32.652,6
1087,830,22.322,1
862,18,20.474,2
1142,807,21.511,8
895,1,25.297,20
985,838,23.578,12
1035,830,28.986,1
872,17,21.556,20
917,16,24.302,16
1018,20,22.251,4
1070,8,22.424,8
1125,858,22.684,17
1042,826,27.211,19
1044,8,23.18,15
1076,854,19.039,13
871,30,20.835,7
873,20,29.117,1
902,154,25.032,12
1024,9,29.033,16
864,17,20.119,11
926,20,22.694,3
1036,825,24.148,15
1122,857,21.427,4
1051,849,25.811,19
912,826,24.651,11
1008,8,22.766,3
1082,855,23.98,8
1073,20,21.221,11
1143,847,22.763,4
1020,817,21.224,19
1018,826,25.091,17
1012,848,23.215,10
982,825,25.509,13
1078,854,20.413,15
843,13,21.168,6
1102,832,22.278,5
1059,817,29.951,6
882,807,19.957,10
1017,846,30.576,9
893,819,31.546,19
875,811,21.886,15
1042,8,29.061,11
985,825,25.112,16
1137,830,20.725,5
930,828,22.872,14
930,815,22.426,13
973,835,22.762,15
1069,846,24.385,8
1098,846,30.71,17
1143,825,22.696,9
1141,815,26.692,11
1011,807,25.253,17
1114,830,23.696,1
1053,853,31.168,17
1137,857,20.181,1
1015,847,26.165,15
1002,822,23.763,3
1092,4,24.106,7
1038,842,24.096,1
984,4,24.636,11
909,16,19.638,19
1083,839,30.342,15
909,825,19.135,9
899,815,22.397,6
910,18,22.211,10
941,831,30.362,6
939,20,29.172,1
913,817,29.113,3
1045,841,24.145,16
842,30,22.227,9
1086,832,22.82,4
969,1,21.709,2
1043,20,29.934,12
1022,815,23.133,6
969,841,28.591,12
1006,815,25.723,8
961,836,25.962,20
1044,840,23.65,9
1102,847,22.335,4
1015,822,24.776,3
904,4,21.664,6
857,815,22.676,10
958,822,21.405,9
988,838,22.125,12
1030,8,22.41,13
1042,1,27.162,1
931,830,25.736,18
1086,817,21.521,15
912,1,24.453,1
1047,825,22.714,18
1017,817,31.031,11
931,18,24.661,8
1028,822,23.819,1
898,821,24.859,14
994,840,24.852,17
932,154,24.292,10
1106,855,24.161,16
859,3,20.658,7
1008,844,23.593,7
1072,852,27.874,14
945,826,21.634,10
907,821,22.53,19
940,826,23.183,13
878,814,22.444,15
863,807,22.413,12
847,39,29.115,14
878,817,22.651,12
856,24,22.092,21
843,15,22.26,19
875,30,20.087,13
1115,4,28.373,6
997,8,21.552,2
974,838,24.768,16
1133,857,21.641,1
1041,842,22.625,6
1111,4,20.109,2
1121,1,24.094,7
1032,842,21.95,15
987,815,17.822,9
860,814,24.579,10
1057,832,15.119,8
890,813,21.88,10
1031,849,19.488,11
884,1,19.457,12
972,840,29.791,11
980,828,23.221,16
1062,839,21.642,1
971,828,25.576,15
1083,830,28.709,7
842,816,24.416,19
996,828,24.295,13
1054,815,21.89,4
1025,825,30.509,9
1007,154,22.733,16
1025,8,25.038,13
855,155,22.299,13
1116,832,23.668,3
841,20,22.603,1
873,3,29.546,5
898,819,18.692,20
1021,815,21.901,11
988,1,21.274,2
949,807,24.734,15
978,154,28.361,13
913,813,29.036,12
1066,832,30.677,3
1069,840,23.455,12
958,154,22.303,14
891,813,27.059,17
1005,822,22.777,2
887,807,24.863,10
999,842,19.512,14
1007,20,21.777,2
1006,842,23.865,12
1105,1,22.575,2
1023,841,25.698,9
952,817,21.683,4
959,4,19.127,12
1054,854,21.454,17
968,828,22.991,15
876,20,20.707,1
855,808,20.832,9
911,825,22.414,12
914,817,24.184,4
986,830,22.57,1
999,4,18.956,16
885,17,24.316,3
1095,4,23.478,5
875,10,20.494,18
1122,848,21.723,11
1110,844,23.148,3
993,817,21.618,5
928,831,23.409,8
1080,817,26.056,13
880,815,21.705,11
1053,842,31.068,7
907,817,21.398,8
1115,844,27.513,5
882,3,19.894,19
1024,815,29.082,19
890,18,22.107,7
1058,853,22.759,18
841,814,24.332,10
929,817,24.943,6
931,3,24.789,1
864,817,20.059,13
1015,9,23.946,18
1116,825,24.745,14
907,18,21.242,11
1006,845,23.686,13
1076,840,18.242,12
1018,9,21.525,20
1047,850,23.217,19
1131,807,21.814,6
1066,822,29.569,5
874,5,22.678,15
895,814,23.476,11
1018,154,22.265,16
927,833,27.004,15
1088,832,19.493,8
1060,830,21.09,1
890,819,22.45,15
1021,807,21.734,12
972,836,30.799,16
894,817,23.194,19
906,8,23.925,10
1124,852,23.358,10
931,822,24.412,14
951,835,30.805,13
905,13,24.264,7
1044,825,24.552,17
1077,852,30.372,7
1051,8,25.633,14
951,13,29.551,5
1074,815,24.173,18
857,67,22.579,21
1095,830,24.102,6
888,817,19.846,12
869,20,17.512,5
994,822,24.02,5
1104,852,33.706,15
1038,844,24.344,18
1084,855,22.704,14
1031,839,19.626,8
1109,825,22.152,17
1033,841,21.831,17
1021,20,24.819,3
897,3,21.633,3
969,840,22.293,16
1019,846,27.919,11
899,819,24.099,20
845,2,20.796,8
915,818,30.272,13
866,1,21.375,1
909,1,19.71,3
1043,832,29.95,7
990,20,24.524,1
1036,849,22.322,18
890,824,22.159,16
847,2,23.113,20
908,3,28.329,18
1079,1,22.105,5
1084,830,21.319,2
1039,847,18.399,11
884,3,19.352,6
994,828,24.291,11
1108,858,28.847,11
907,824,24.452,15
855,814,21.553,12
930,829,22.796,17
974,8,24.833,2
1083,817,29.345,13
905,818,19.385,17
1032,825,21.977,12
1104,815,24.217,16
1019,8,28.364,8
976,828,23.906,11
980,822,22.919,5
1134,840,23.01,11
902,16,25.293,22
1094,840,23.119,15
900,18,22.399,3
1025,842,29.935,14
851,13,21.138,6
1104,830,24.798,1
1035,841,27.693,17
901,826,25.109,10
965,839,24.665,18
991,822,22.097,2
854,18,29.921,2
864,808,21.817,17
891,824,23.961,18
901,20,24.432,3
1120,839,22.16,12
890,818,22.282,12
1136,832,24.313,4
1039,844,17.516,8
1043,825,30.708,18
979,840,21.804,14
1117,848,23.68,9
893,4,29.176,2
959,835,19.298,19
1089,830,23.791,1
1058,841,21.21,15
854,155,24.715,14
892,18,24.45,10
905,817,26.584,3
1143,842,22.717,5
887,820,25.701,17
1040,8,33.317,14
948,835,23.286,11
1070,822,22.463,15
1069,839,23.919,19
870,817,19.63,15
1046,848,23.645,6
936,20,16.639,1
909,807,19.514,7
1087,817,23.085,15
941,833,35.072,13
926,1,22.295,1
930,813,22.575,19
1036,20,21.82,7
969,822,21.44,3
962,13,25.929,12
1020,825,20.285,8
952,837,26.186,17
1143,815,22.705,17
949,831,25.491,14
1015,817,24.269,9
1016,8,24.666,15
905,3,24.672,1
952,13,21.384,8
1113,4,30.67,15
868,815,25.192,22
970,1,17.616,1
1096,817,21.893,9
1112,4,24.798,9
933,3,21.768,1
939,154,29.826,13
1024,20,29.384,1
1065,844,24.557,4
903,824,24.32,17
1087,4,22.641,5
882,815,19.969,11
1113,822,30.487,17
939,813,29.223,12
929,3,25.311,3
951,822,29.841,4
985,840,24.497,11
854,4,29.972,4
871,20,20.811,2
1010,822,22.014,1
1030,822,21.145,4
968,817,21.768,5
1108,830,29.056,1
1004,20,29.798,3
855,22,21.89,17
863,10,22.933,19
912,13,24.323,3
913,807,29.362,9
954,20,22.361,2
1098,844,24.345,19
1078,4,21.638,11
1056,839,23.935,9
957,817,29.813,4
842,13,22.541,5
953,837,26.292,15
1117,1,22.21,2
1017,822,30.412,2
881,154,21.812,6
847,3,22.702,11
1058,20,21.546,12
952,815,21.918,7
1139,822,24.439,17
865,17,25.566,1
1044,849,24.738,19
1104,822,30.395,11
859,20,20.652,2
942,8,24.733,16
916,1,24.244,1
970,154,17.303,11
1046,832,24.162,4
1008,840,24.283,18
999,830,19.087,4
968,831,23.272,16
859,5,21.478,16
1053,832,30.856,5
971,8,25.856,4
1104,846,24.663,9
886,154,20.859,13
1132,852,29.658,10
1080,844,25.71,4
1138,817,29.066,18
994,842,24.296,7
959,1,18.475,1
1037,817,23.586,4
1092,852,23.756,13
1118,1,18.521,8
1096,855,22.435,12
955,154,21.132,13
1039,154,23.72,12
866,807,23.66,12
1022,9,24.247,17
1135,842,22.646,9
871,811,21.69,12
903,20,22.246,5
849,813,23.869,14
909,818,20.274,13
1043,815,29.985,6
1064,840,19.389,12
939,18,30.106,16
1004,844,30.397,7
911,826,24.082,9
1108,807,30.003,13
1137,832,21.483,18
916,817,24.04,3
1062,854,22.113,12
1015,846,25.026,11
903,813,23.022,14
976,4,15.104,9
870,13,19.917,9
1059,840,30.996,10
933,813,21.847,7
1055,817,21.762,6
961,825,23.757,17
887,13,24.4,6
982,826,25.003,16
1057,849,22.149,16
1082,817,24.833,11
1111,839,19.024,10
1067,4,29.116,16
997,842,22.011,11
860,808,24.579,19
955,817,19.84,7
1130,855,22.523,13
950,830,23.13,8
848,22,21.163,12
936,822,16.427,13
1000,843,21.831,11
1135,807,21.619,11
884,817,19.498,10
858,1,19.35,1
901,154,25.046,11
1125,840,22.911,15
958,828,23.198,20
862,154,21.184,6
1141,861,25.239,17
877,18,19.455,4
936,3,16.623,8
1004,825,29.904,8
1143,844,25.675,2
1001,832,18.509,11
856,1,20.584,2
1028,807,23.684,9
867,154,20.479,20
872,816,21.962,13
1131,817,21.093,9
951,154,31.42,8
1041,844,22.56,7
855,813,21.012,14
968,821,22.032,12
874,30,20.379,11
969,832,21.762,8
1043,840,30.566,13
948,13,21.55,5
873,818,29.898,20
1028,825,24.731,18
877,5,23.032,13
1040,817,30.112,5
1066,847,30.665,10
1047,832,22.14,6
903,8,22.994,8
1052,844,24.176,6
1069,854,24.247,16
1111,830,18.706,1
1056,20,24.369,5
958,815,22.689,11
1010,826,22.086,10
1009,815,22.112,8
1007,817,22.022,17
887,822,30.231,12
841,30,23.988,19
883,13,21.569,15
879,819,22.746,12
1016,817,23.927,6
865,818,26.063,12
1114,4,24.086,8
860,818,23.203,11
1127,1,29.547,6
1143,855,23.228,8
1141,846,24.764,6
1106,832,24.133,5
850,813,21.057,14
1117,858,23.945,16
863,8,22.362,2
1081,844,23.212,19
974,1,24.155,7
853,1,21.876,4
846,5,25.878,14
1077,817,30.155,18
895,18,23.105,9
1086,825,23.147,16
943,832,23.068,13
933,815,26.689,9
904,8,22.056,7
1081,852,23.083,13
1029,20,23.039,17
867,813,21.342,12
911,824,23.918,18
965,1,23.575,1
1073,841,22.283,17
1013,832,19.755,7
996,1,24.31,1
1137,4,20.073,6
948,4,21.796,21
871,807,20.696,4
1134,857,22.623,2
856,13,21.08,6
1107,848,16.737,11
1127,815,29.669,8
906,13,24.012,12
861,813,21.621,19
1131,840,21.302,13
845,816,21.708,20
1008,20,22.551,6
847,153,23.338,8
960,1,22.432,3
1055,822,21.638,3
845,13,20.8,22
1001,828,19.711,10
1018,825,16.224,19
963,828,24.706,12
1015,20,24.483,2
1060,853,22.0,19
1045,830,23.906,2
959,830,18.967,3
985,836,31.334,19
949,817,24.541,4
937,828,23.684,10
1052,841,24.223,12
965,4,23.683,5
841,2,22.994,12
1052,840,24.884,10
1142,839,15.79,17
949,822,19.369,9
886,13,20.372,8
1102,848,22.482,14
990,822,26.105,2
1045,20,24.774,13
1066,842,29.354,13
895,154,23.086,3
1079,20,22.456,11
869,155,18.904,4
1034,822,30.571,11
932,815,23.453,11
1064,822,18.873,3
1002,830,24.003,5
1096,825,22.387,17
1060,852,21.145,12
918,825,21.623,11
895,813,23.524,16
1095,20,24.028,11
851,4,19.936,3
878,37,24.798,21
910,817,22.205,1
1032,815,22.761,6
845,808,21.739,11
954,4,27.952,11
997,832,23.257,12
1140,822,22.505,14
1123,1,17.596,18
1079,830,21.941,1
918,154,16.12,13
848,814,20.567,14
1127,857,29.77,4
1036,1,21.853,1
1126,4,22.374,9
1140,839,23.245,13
907,4,21.234,5
952,826,22.234,10
854,16,30.718,8
844,17,20.421,2
1081,854,22.231,14
1051,815,25.419,4
894,154,22.519,3
860,4,21.91,5
869,10,18.952,22
908,18,28.645,4
1144,807,21.53,8
1123,848,17.745,11
980,838,26.187,14
890,823,22.384,14
1138,846,29.091,1
1006,20,24.449,4
1132,846,28.661,3
932,830,36.105,15
866,8,21.534,8
937,154,23.493,3
943,815,23.547,8
902,824,18.989,16
1024,1,28.93,4
1117,840,22.582,17
964,18,23.342,18
993,844,21.995,10
1017,844,30.203,3
866,30,21.807,22
1079,852,22.316,10
1061,840,28.213,8
1003,8,29.513,5
859,16,20.9,6
918,1,21.885,1
874,18,20.233,4
950,4,22.874,12
1129,842,24.408,9
857,814,20.984,13
974,20,24.306,1
963,836,25.201,15
1094,822,23.863,10
1039,848,17.591,3
933,20,31.882,4
892,819,25.569,17
869,154,20.388,18
866,5,21.704,18
1025,847,29.857,17
1042,822,26.512,2
1115,830,28.103,1
1091,852,31.293,15
976,839,15.061,6
894,16,18.979,20
927,832,25.126,8
1038,830,26.149,17
1132,4,29.341,8
1116,815,23.747,4
904,807,22.355,10
939,831,29.679,10
1037,830,23.314,3
879,3,21.806,15
879,4,21.862,2
1091,822,32.167,11
942,154,27.621,18
1130,858,22.401,20
950,835,22.799,22
1018,807,21.985,13
1037,842,22.681,8
886,4,20.512,2
1059,832,30.534,11
1023,154,25.121,16
916,18,23.546,12
910,154,23.979,21
1033,842,22.74,20
1102,846,24.09,17
1124,815,22.956,2
1074,807,25.748,17
844,816,22.779,20
882,824,20.625,15
969,807,23.13,11
841,816,25.259,14
1061,844,28.433,2
1084,1,22.697,3
1073,852,21.909,4
994,832,24.874,10
1029,842,22.922,2
1119,852,20.619,18
1047,844,22.178,13
918,8,21.546,10
1096,830,22.735,1
1011,8,25.621,7
1014,154,22.379,10
888,1,19.316,5
933,154,22.016,15
1016,826,23.825,10
1084,839,21.755,5
1134,817,22.328,10
894,823,17.513,15
1094,1,23.194,2
997,817,21.259,18
883,821,21.997,18
1140,847,22.462,5
1075,1,21.788,10
1035,842,28.306,11
1120,817,21.692,11
1071,815,18.136,4
1109,858,22.197,18
865,819,27.186,18
1122,830,20.607,1
876,39,24.544,21
912,807,25.547,12
1035,825,28.934,20
1038,826,25.92,9
952,154,22.844,18
1127,817,30.068,13
978,825,28.099,12
1005,838,23.159,15
958,3,21.233,2
1001,845,19.791,12
1044,826,23.417,12
1130,825,23.36,17
884,821,19.324,11
842,15,25.516,20
891,818,24.07,12
978,826,22.895,15
973,839,22.616,5
886,821,21.524,20
1079,815,21.619,2
877,813,20.723,5
1046,8,24.401,14
875,39,22.749,20
854,813,30.187,11
874,1,19.794,5
874,817,21.516,10
1023,846,24.311,10
969,825,22.189,15
964,815,22.721,7
1083,846,28.659,6
863,815,22.924,11
842,1,22.466,8
992,1,20.377,1
883,820,22.552,20
974,840,25.248,15
885,18,24.585,6
982,4,25.626,17
892,13,24.692,4
963,825,30.679,20
876,8,21.404,7
1026,841,23.351,14
903,4,22.776,3
864,18,19.888,9
1106,4,23.928,2
1004,1,29.551,1
900,825,22.273,2
854,22,30.456,13
888,819,21.388,17
956,3,17.959,4
902,13,24.528,7
971,13,24.24,6
868,155,26.845,11
911,818,23.202,11
1057,830,19.769,18
888,824,20.371,21
1064,832,20.327,7
1064,20,18.664,13
869,17,17.29,8
1033,846,22.742,13
1117,844,22.248,3
979,1,21.338,4
907,154,21.884,14
890,817,21.996,13
873,37,32.625,17
973,1,21.544,1
1000,828,22.64,15
862,808,21.851,18
1065,847,24.156,9
1001,20,19.582,1
